{"coco/bbox_mAP": 0.523, "coco/bbox_mAP_50": 0.761, "coco/bbox_mAP_75": 0.572, "coco/bbox_mAP_s": 0.01, "coco/bbox_mAP_m": 0.375, "coco/bbox_mAP_l": 0.578, "data_time": 5.3813406974077225, "time": 5.514124765992165}